dataset,experiment,success,latency_ms,detail
SQuAD,ingestion,True,4.57,56be85543aeaaa14008c9063
SQuAD,ingestion,True,4.57,56be85543aeaaa14008c9065
SQuAD,ingestion,True,4.57,56be85543aeaaa14008c9066
SQuAD,ingestion,True,4.57,56bf6b0f3aeaaa14008c9601
SQuAD,ingestion,True,4.57,56bf6b0f3aeaaa14008c9602
SQuAD,ingestion,True,4.57,56bf6b0f3aeaaa14008c9603
SQuAD,ingestion,True,4.57,56bf6b0f3aeaaa14008c9604
SQuAD,ingestion,True,4.57,56bf6b0f3aeaaa14008c9605
SQuAD,ingestion,True,4.57,56d43c5f2ccc5a1400d830a9
SQuAD,ingestion,True,4.57,56d43c5f2ccc5a1400d830aa
SQuAD,ingestion,True,3.28,56d43c5f2ccc5a1400d830ab
SQuAD,ingestion,True,3.28,56d43c5f2ccc5a1400d830ac
SQuAD,ingestion,True,3.28,56d43c5f2ccc5a1400d830ad
SQuAD,ingestion,True,3.28,56d43ce42ccc5a1400d830b4
SQuAD,ingestion,True,3.28,56d43ce42ccc5a1400d830b5
SQuAD,ingestion,True,3.28,56be86cf3aeaaa14008c9076
SQuAD,ingestion,True,3.28,56be86cf3aeaaa14008c9078
SQuAD,ingestion,True,3.28,56be86cf3aeaaa14008c9079
SQuAD,ingestion,True,3.28,56bf6e823aeaaa14008c9627
SQuAD,ingestion,True,3.28,56bf6e823aeaaa14008c9629
SQuAD,ingestion,True,2.34,56bf6e823aeaaa14008c962a
SQuAD,ingestion,True,2.34,56bf6e823aeaaa14008c962b
SQuAD,ingestion,True,2.34,56d43da72ccc5a1400d830bd
SQuAD,ingestion,True,2.34,56d43da72ccc5a1400d830be
SQuAD,ingestion,True,2.34,56d43da72ccc5a1400d830bf
SQuAD,ingestion,True,2.34,56d43da72ccc5a1400d830c0
SQuAD,ingestion,True,2.34,56d43da72ccc5a1400d830c1
SQuAD,ingestion,True,2.34,56be88473aeaaa14008c9080
SQuAD,ingestion,True,2.34,56be88473aeaaa14008c9083
SQuAD,ingestion,True,2.34,56be88473aeaaa14008c9084
SQuAD,ingestion,True,1.88,56bf725c3aeaaa14008c9643
SQuAD,ingestion,True,1.88,56bf725c3aeaaa14008c9644
SQuAD,ingestion,True,1.88,56bf725c3aeaaa14008c9645
SQuAD,ingestion,True,1.88,56bf725c3aeaaa14008c9646
SQuAD,ingestion,True,1.88,56bf725c3aeaaa14008c9647
SQuAD,ingestion,True,1.88,56d43f7e2ccc5a1400d830c7
SQuAD,ingestion,True,1.88,56d43f7e2ccc5a1400d830c8
SQuAD,ingestion,True,1.88,56d43f7e2ccc5a1400d830c9
SQuAD,ingestion,True,1.88,56d43f7e2ccc5a1400d830cb
SQuAD,ingestion,True,1.88,56be892d3aeaaa14008c908b
SQuAD,ingestion,True,0.97,56be892d3aeaaa14008c908c
SQuAD,ingestion,True,0.97,56be892d3aeaaa14008c908d
SQuAD,ingestion,True,0.97,56be892d3aeaaa14008c908e
SQuAD,ingestion,True,0.97,56bf74d53aeaaa14008c9659
SQuAD,ingestion,True,0.97,56bf74d53aeaaa14008c965a
SQuAD,ingestion,True,0.97,56bf74d53aeaaa14008c965b
SQuAD,ingestion,True,0.97,56bf74d53aeaaa14008c965d
SQuAD,ingestion,True,0.97,56d440df2ccc5a1400d830d1
SQuAD,ingestion,True,0.97,56d440df2ccc5a1400d830d2
SQuAD,ingestion,True,0.97,56d440df2ccc5a1400d830d3
SQuAD,ingestion,True,1.23,56d440df2ccc5a1400d830d4
SQuAD,ingestion,True,1.23,56d440df2ccc5a1400d830d5
SQuAD,ingestion,True,1.23,56be8a583aeaaa14008c9094
SQuAD,ingestion,True,1.23,56be8a583aeaaa14008c9095
SQuAD,ingestion,True,1.23,56be8a583aeaaa14008c9097
SQuAD,ingestion,True,1.23,56bf76ef3aeaaa14008c9664
SQuAD,ingestion,True,1.23,56bf76ef3aeaaa14008c9665
SQuAD,ingestion,True,1.23,56bf76ef3aeaaa14008c9666
SQuAD,ingestion,True,1.23,56bf76ef3aeaaa14008c9667
SQuAD,ingestion,True,1.23,56d443ef2ccc5a1400d830db
SQuAD,ingestion,True,2.26,56d443ef2ccc5a1400d830dc
SQuAD,ingestion,True,2.26,56d443ef2ccc5a1400d830dd
SQuAD,ingestion,True,2.26,56d443ef2ccc5a1400d830df
SQuAD,ingestion,True,2.26,56be8bab3aeaaa14008c909f
SQuAD,ingestion,True,2.26,56be8bab3aeaaa14008c90a0
SQuAD,ingestion,True,2.26,56be8bab3aeaaa14008c90a1
SQuAD,ingestion,True,2.26,56bf79c73aeaaa14008c966d
SQuAD,ingestion,True,2.26,56bf79c73aeaaa14008c966e
SQuAD,ingestion,True,2.26,56bf79c73aeaaa14008c966f
SQuAD,ingestion,True,2.26,56bf79c73aeaaa14008c9670
SQuAD,ingestion,True,3.27,56bf79c73aeaaa14008c9671
SQuAD,ingestion,True,3.27,56d45abf2ccc5a1400d830e5
SQuAD,ingestion,True,3.27,56d45abf2ccc5a1400d830e6
SQuAD,ingestion,True,3.27,56d45abf2ccc5a1400d830e7
SQuAD,ingestion,True,3.27,56d45abf2ccc5a1400d830e8
SQuAD,ingestion,True,3.27,56d45abf2ccc5a1400d830e9
SQuAD,ingestion,True,3.27,56be8c8a3aeaaa14008c90a9
SQuAD,ingestion,True,3.27,56be8c8a3aeaaa14008c90ab
SQuAD,ingestion,True,3.27,56be8c8a3aeaaa14008c90ac
SQuAD,ingestion,True,3.27,56bf7cb63aeaaa14008c9677
SQuAD,ingestion,True,2.83,56bf7cb63aeaaa14008c9678
SQuAD,ingestion,True,2.83,56bf7cb63aeaaa14008c9679
SQuAD,ingestion,True,2.83,56bf7cb63aeaaa14008c967a
SQuAD,ingestion,True,2.83,56bf7cb63aeaaa14008c967b
SQuAD,ingestion,True,2.83,56d45fcb2ccc5a1400d830f9
SQuAD,ingestion,True,2.83,56d45fcb2ccc5a1400d830fa
SQuAD,ingestion,True,2.83,56d45fcb2ccc5a1400d830fb
SQuAD,ingestion,True,2.83,56d45fcb2ccc5a1400d830fc
SQuAD,ingestion,True,2.83,56d45fcb2ccc5a1400d830fd
SQuAD,ingestion,True,2.83,56be8d423aeaaa14008c90b2
SQuAD,ingestion,True,2.02,56be8d423aeaaa14008c90b3
SQuAD,ingestion,True,2.02,56be8d423aeaaa14008c90b6
SQuAD,ingestion,True,2.02,56bf7e603aeaaa14008c9681
SQuAD,ingestion,True,2.02,56bf7e603aeaaa14008c9682
SQuAD,ingestion,True,2.02,56bf7e603aeaaa14008c9685
SQuAD,ingestion,True,2.02,56d462f82ccc5a1400d8311f
SQuAD,ingestion,True,2.02,56d462f82ccc5a1400d83120
SQuAD,ingestion,True,2.02,56d462f82ccc5a1400d83121
SQuAD,ingestion,True,2.02,56d462f82ccc5a1400d83123
SQuAD,ingestion,True,2.02,56be8e353aeaaa14008c90c6
SQuAD,ingestion,True,2.92,56be8e353aeaaa14008c90c7
SQuAD,ingestion,True,2.92,56be8e353aeaaa14008c90c8
SQuAD,ingestion,True,2.92,56be8e353aeaaa14008c90c9
SQuAD,ingestion,True,2.92,56bf89cfa10cfb1400551162
SQuAD,ingestion,True,2.92,56bf89cfa10cfb1400551163
SQuAD,ingestion,True,2.92,56d4831f2ccc5a1400d83154
SQuAD,ingestion,True,2.92,56d4831f2ccc5a1400d83155
SQuAD,ingestion,True,2.92,56d4831f2ccc5a1400d83156
SQuAD,ingestion,True,2.92,56d4831f2ccc5a1400d83157
SQuAD,ingestion,True,2.92,56d4831f2ccc5a1400d83158
SQuAD,ingestion,True,1.7,56be8fdf3aeaaa14008c90da
SQuAD,ingestion,True,1.7,56be8fdf3aeaaa14008c90db
SQuAD,ingestion,True,1.7,56be8fdf3aeaaa14008c90dc
SQuAD,ingestion,True,1.7,56be8fdf3aeaaa14008c90dd
SQuAD,ingestion,True,1.7,56be8fdf3aeaaa14008c90de
SQuAD,ingestion,True,1.7,56bf8c8aa10cfb140055116b
SQuAD,ingestion,True,1.7,56bf8c8aa10cfb140055116c
SQuAD,ingestion,True,1.7,56bf8c8aa10cfb140055116d
SQuAD,ingestion,True,1.7,56bf8c8aa10cfb140055116e
SQuAD,ingestion,True,1.7,56bf8c8aa10cfb140055116f
SQuAD,ingestion,True,2.37,56d484312ccc5a1400d8315e
SQuAD,ingestion,True,2.37,56d484312ccc5a1400d8315f
SQuAD,ingestion,True,2.37,56d484312ccc5a1400d83160
SQuAD,ingestion,True,2.37,56d484312ccc5a1400d83161
SQuAD,ingestion,True,2.37,56d484312ccc5a1400d83162
SQuAD,ingestion,True,2.37,56be90ee3aeaaa14008c90e4
SQuAD,ingestion,True,2.37,56be90ee3aeaaa14008c90e5
SQuAD,ingestion,True,2.37,56be90ee3aeaaa14008c90e6
SQuAD,ingestion,True,2.37,56be90ee3aeaaa14008c90e7
SQuAD,ingestion,True,2.37,56be90ee3aeaaa14008c90e8
SQuAD,ingestion,True,2.89,56bf8fc1a10cfb1400551175
SQuAD,ingestion,True,2.89,56bf8fc1a10cfb1400551176
SQuAD,ingestion,True,2.89,56bf8fc1a10cfb1400551177
SQuAD,ingestion,True,2.89,56bf8fc1a10cfb1400551178
SQuAD,ingestion,True,2.89,56d4b9702ccc5a1400d83172
SQuAD,ingestion,True,2.89,56d4b9702ccc5a1400d83173
SQuAD,ingestion,True,2.89,56d4b9702ccc5a1400d83174
SQuAD,ingestion,True,2.89,56d4b9702ccc5a1400d83175
SQuAD,ingestion,True,2.89,56d4b9702ccc5a1400d83176
SQuAD,ingestion,True,2.89,56be91b23aeaaa14008c90f0
SQuAD,ingestion,True,3.24,56be91b23aeaaa14008c90f2
SQuAD,ingestion,True,3.24,56bf91c6a10cfb140055117f
SQuAD,ingestion,True,3.24,56bf91c6a10cfb1400551181
SQuAD,ingestion,True,3.24,56bf91c6a10cfb1400551182
SQuAD,ingestion,True,3.24,56bf91c6a10cfb1400551183
SQuAD,ingestion,True,3.24,56d4baf92ccc5a1400d8317c
SQuAD,ingestion,True,3.24,56d4baf92ccc5a1400d8317d
SQuAD,ingestion,True,3.24,56d4baf92ccc5a1400d8317e
SQuAD,ingestion,True,3.24,56d4baf92ccc5a1400d8317f
SQuAD,ingestion,True,3.24,56be932e3aeaaa14008c90f9
SQuAD,ingestion,True,1.21,56be932e3aeaaa14008c90fa
SQuAD,ingestion,True,1.21,56be932e3aeaaa14008c90fb
SQuAD,ingestion,True,1.21,56be932e3aeaaa14008c90fc
SQuAD,ingestion,True,1.21,56bf940da10cfb1400551189
SQuAD,ingestion,True,1.21,56bf940da10cfb140055118a
SQuAD,ingestion,True,1.21,56bf940da10cfb140055118b
SQuAD,ingestion,True,1.21,56d4bc642ccc5a1400d83190
SQuAD,ingestion,True,1.21,56d4bc642ccc5a1400d83191
SQuAD,ingestion,True,1.21,56d4bc642ccc5a1400d83192
SQuAD,ingestion,True,1.21,56d4bc642ccc5a1400d83193
SQuAD,ingestion,True,1.77,56be94703aeaaa14008c9102
SQuAD,ingestion,True,1.77,56be94703aeaaa14008c9103
SQuAD,ingestion,True,1.77,56be94703aeaaa14008c9104
SQuAD,ingestion,True,1.77,56be94703aeaaa14008c9105
SQuAD,ingestion,True,1.77,56be94703aeaaa14008c9106
SQuAD,ingestion,True,1.77,56bf95eaa10cfb1400551194
SQuAD,ingestion,True,1.77,56bf95eaa10cfb1400551195
SQuAD,ingestion,True,1.77,56bf95eaa10cfb1400551196
SQuAD,ingestion,True,1.77,56d4bd272ccc5a1400d831a0
SQuAD,ingestion,True,1.77,56d4bd272ccc5a1400d831a1
SQuAD,ingestion,True,4.5,56d4bd272ccc5a1400d831a2
SQuAD,ingestion,True,4.5,56d4bd272ccc5a1400d831a3
SQuAD,ingestion,True,4.5,56d4bd272ccc5a1400d831a4
SQuAD,ingestion,True,4.5,56be95823aeaaa14008c910c
SQuAD,ingestion,True,4.5,56be95823aeaaa14008c910d
SQuAD,ingestion,True,4.5,56be95823aeaaa14008c910e
SQuAD,ingestion,True,4.5,56be95823aeaaa14008c910f
SQuAD,ingestion,True,4.5,56be95823aeaaa14008c9110
SQuAD,ingestion,True,4.5,56bf97aba10cfb140055119e
SQuAD,ingestion,True,4.5,56bf97aba10cfb140055119f
SQuAD,ingestion,True,5.61,56bf97aba10cfb14005511a0
SQuAD,ingestion,True,5.61,56bf97aba10cfb14005511a1
SQuAD,ingestion,True,5.61,56d4bf242ccc5a1400d831be
SQuAD,ingestion,True,5.61,56d4bf242ccc5a1400d831bf
SQuAD,ingestion,True,5.61,56d4bf242ccc5a1400d831c0
SQuAD,ingestion,True,5.61,56d4bf242ccc5a1400d831c1
SQuAD,ingestion,True,5.61,56d4bf242ccc5a1400d831c2
SQuAD,ingestion,True,5.61,56be96653aeaaa14008c9116
SQuAD,ingestion,True,5.61,56be96653aeaaa14008c9117
SQuAD,ingestion,True,5.61,56be96653aeaaa14008c9118
SQuAD,ingestion,True,2.12,56be96653aeaaa14008c9119
SQuAD,ingestion,True,2.12,56be96653aeaaa14008c911a
SQuAD,ingestion,True,2.12,56bf99aca10cfb14005511a7
SQuAD,ingestion,True,2.12,56bf99aca10cfb14005511a9
SQuAD,ingestion,True,2.12,56bf99aca10cfb14005511aa
SQuAD,ingestion,True,2.12,56bf99aca10cfb14005511ab
SQuAD,ingestion,True,2.12,56d4c0452ccc5a1400d831c8
SQuAD,ingestion,True,2.12,56d4c0452ccc5a1400d831c9
SQuAD,ingestion,True,2.12,56d4c0452ccc5a1400d831ca
SQuAD,ingestion,True,2.12,56d4c0452ccc5a1400d831cb
SQuAD,retrieval,True,10.48,40
SQuAD,retrieval,True,9.69,58
SQuAD,retrieval,True,21.72,64
SQuAD,retrieval,True,7.28,45
SQuAD,retrieval,True,10.61,42
SQuAD,retrieval,True,6.99,42
SQuAD,retrieval,True,10.17,45
SQuAD,retrieval,True,8.09,38
SQuAD,retrieval,True,6.33,30
SQuAD,retrieval,True,6.24,46
SQuAD,retrieval,True,8.7,59
SQuAD,retrieval,True,19.7,45
SQuAD,retrieval,True,28.08,64
SQuAD,retrieval,True,12.82,43
SQuAD,retrieval,True,9.41,48
SQuAD,retrieval,True,7.9,82
SQuAD,retrieval,True,6.5,31
SQuAD,retrieval,True,7.35,56
SQuAD,retrieval,True,23.01,70
SQuAD,retrieval,True,8.97,80
SQuAD,retrieval,True,7.1,54
SQuAD,retrieval,True,7.95,72
SQuAD,retrieval,True,8.37,45
SQuAD,retrieval,True,8.78,49
SQuAD,retrieval,True,6.47,45
SQuAD,retrieval,True,6.96,26
SQuAD,retrieval,True,6.07,40
SQuAD,retrieval,True,6.17,55
SQuAD,retrieval,True,9.29,71
SQuAD,retrieval,True,7.87,61
SQuAD,retrieval,True,23.58,116
SQuAD,retrieval,True,22.43,73
SQuAD,retrieval,True,7.66,47
SQuAD,retrieval,True,6.4,85
SQuAD,retrieval,True,8.32,56
SQuAD,retrieval,True,7.65,61
SQuAD,retrieval,True,8.57,87
SQuAD,retrieval,True,6.75,39
SQuAD,retrieval,True,6.75,74
SQuAD,retrieval,True,19.78,58
SQuAD,retrieval,True,7.89,36
SQuAD,retrieval,True,23.54,31
SQuAD,retrieval,True,7.87,51
SQuAD,retrieval,True,6.6,60
SQuAD,retrieval,True,7.75,41
SQuAD,retrieval,True,23.57,64
SQuAD,retrieval,True,22.96,48
SQuAD,retrieval,True,19.93,64
SQuAD,retrieval,True,21.91,55
SQuAD,retrieval,True,6.13,45
SQuAD,retrieval,True,338.62,48
SQuAD,retrieval,True,6.03,36
SQuAD,retrieval,True,6.7,38
SQuAD,retrieval,True,6.39,61
SQuAD,retrieval,True,6.45,71
SQuAD,retrieval,True,6.03,58
SQuAD,retrieval,True,8.3,63
SQuAD,retrieval,True,49.02,49
SQuAD,retrieval,True,7.03,58
SQuAD,retrieval,True,5.47,53
SQuAD,retrieval,True,22.2,54
SQuAD,retrieval,True,6.78,54
SQuAD,retrieval,True,6.1,45
SQuAD,retrieval,True,9.78,68
SQuAD,retrieval,True,9.93,55
SQuAD,retrieval,True,10.8,63
SQuAD,retrieval,True,5.94,69
SQuAD,retrieval,True,13.25,67
SQuAD,retrieval,True,5.98,65
SQuAD,retrieval,True,31.58,68
SQuAD,retrieval,True,7.31,47
SQuAD,retrieval,True,5.6,50
SQuAD,retrieval,True,5.38,59
SQuAD,retrieval,True,11.77,38
SQuAD,retrieval,True,5.71,48
SQuAD,retrieval,True,8.43,45
SQuAD,retrieval,True,7.15,57
SQuAD,retrieval,True,9.06,88
SQuAD,retrieval,True,25.67,57
SQuAD,retrieval,True,9.03,67
SQuAD,retrieval,True,8.02,73
SQuAD,retrieval,True,5.53,68
SQuAD,retrieval,True,5.86,66
SQuAD,retrieval,True,9.15,74
SQuAD,retrieval,True,6.64,46
SQuAD,retrieval,True,6.31,76
SQuAD,retrieval,True,8.51,48
SQuAD,retrieval,True,28.63,52
SQuAD,retrieval,True,8.26,57
SQuAD,retrieval,True,5.77,48
SQuAD,retrieval,True,22.28,53
SQuAD,retrieval,True,6.66,45
SQuAD,retrieval,True,8.27,39
SQuAD,retrieval,True,8.27,31
SQuAD,retrieval,True,8.61,49
SQuAD,retrieval,True,6.27,53
SQuAD,retrieval,True,7.86,64
SQuAD,retrieval,True,6.44,96
SQuAD,retrieval,True,7.77,53
SQuAD,retrieval,True,7.73,63
SQuAD,compression,True,9.31,694
SQuAD,compression,True,5.74,694
SQuAD,compression,True,4.18,694
SQuAD,compression,True,4.1,694
SQuAD,compression,True,3.93,694
SQuAD,compression,True,3.88,694
SQuAD,compression,True,3.8,694
SQuAD,compression,True,4.96,694
SQuAD,compression,True,22.02,694
SQuAD,compression,True,16.1,694
SQuAD,compression,True,15.29,694
SQuAD,compression,True,4.84,694
SQuAD,compression,True,27.34,694
SQuAD,compression,True,3.83,694
SQuAD,compression,True,4.19,694
SQuAD,compression,True,3.78,1016
SQuAD,compression,True,3.99,1016
SQuAD,compression,True,3.73,1016
SQuAD,compression,True,4.64,1016
SQuAD,compression,True,3.81,1016
SQuAD,compression,True,3.93,1016
SQuAD,compression,True,14.01,1016
SQuAD,compression,True,3.79,1016
SQuAD,compression,True,3.79,1016
SQuAD,compression,True,24.05,1016
SQuAD,compression,True,4.5,1016
SQuAD,compression,True,3.97,1016
SQuAD,compression,True,3.76,1062
SQuAD,compression,True,3.93,1062
SQuAD,compression,True,3.91,1062
SQuAD,compression,True,3.84,1062
SQuAD,compression,True,4.13,1062
SQuAD,compression,True,3.86,1062
SQuAD,compression,True,15.06,1062
SQuAD,compression,True,3.77,1062
SQuAD,compression,True,3.79,1062
SQuAD,compression,True,3.88,1062
SQuAD,compression,True,3.91,1062
SQuAD,compression,True,3.82,1062
SQuAD,compression,True,3.82,598
SQuAD,compression,True,3.94,598
SQuAD,compression,True,4.16,598
SQuAD,compression,True,15.14,598
SQuAD,compression,True,3.71,598
SQuAD,compression,True,27.16,598
SQuAD,compression,True,3.88,598
SQuAD,compression,True,29.08,598
SQuAD,compression,True,5.19,598
SQuAD,compression,True,3.8,598
SQuAD,compression,True,3.93,598
SQuAD,compression,True,4.55,598
SQuAD,compression,True,3.48,598
SQuAD,compression,True,4.48,773
SQuAD,compression,True,4.0,773
SQuAD,compression,True,3.9,773
SQuAD,compression,True,3.87,773
SQuAD,compression,True,4.04,773
SQuAD,compression,True,10.15,773
SQuAD,compression,True,3.75,773
SQuAD,compression,True,4.21,773
SQuAD,compression,True,4.09,773
SQuAD,compression,True,4.12,773
SQuAD,compression,True,4.21,773
SQuAD,compression,True,3.86,1371
SQuAD,compression,True,3.58,1371
SQuAD,compression,True,27.3,1371
SQuAD,compression,True,5.31,1371
SQuAD,compression,True,4.15,1371
SQuAD,compression,True,4.04,1371
SQuAD,compression,True,16.42,1371
SQuAD,compression,True,15.48,1371
SQuAD,compression,True,15.13,1371
SQuAD,compression,True,15.25,1371
SQuAD,compression,True,4.71,1371
SQuAD,compression,True,4.1,1371
SQuAD,compression,True,3.9,1371
SQuAD,compression,True,3.78,1351
SQuAD,compression,True,14.94,1351
SQuAD,compression,True,3.48,1351
SQuAD,compression,True,28.13,1351
SQuAD,compression,True,3.72,1351
SQuAD,compression,True,27.06,1351
SQuAD,compression,True,3.78,1351
SQuAD,compression,True,3.72,1351
SQuAD,compression,True,3.74,1351
SQuAD,compression,True,4.54,1351
SQuAD,compression,True,4.1,1351
SQuAD,compression,True,4.19,1351
SQuAD,compression,True,23.3,1351
SQuAD,compression,True,15.58,832
SQuAD,compression,True,3.71,832
SQuAD,compression,True,26.61,832
SQuAD,compression,True,4.14,832
SQuAD,compression,True,27.7,832
SQuAD,compression,True,6.12,832
SQuAD,compression,True,6.41,832
SQuAD,compression,True,8.87,832
SQuAD,compression,True,5.42,832
SQuAD,compression,True,11.27,832
SQuAD,compression,True,11.66,1144
SQuAD,contradiction_detection,True,19.37,5
SQuAD,contradiction_detection,True,4.08,5
SQuAD,contradiction_detection,True,4.73,5
SQuAD,contradiction_detection,True,4.5,5
SQuAD,contradiction_detection,True,3.57,5
SQuAD,contradiction_detection,True,3.78,5
SQuAD,contradiction_detection,True,3.16,5
SQuAD,contradiction_detection,True,2.86,5
SQuAD,contradiction_detection,True,3.37,5
SQuAD,contradiction_detection,True,3.01,5
SQuAD,contradiction_detection,True,3.08,5
SQuAD,contradiction_detection,True,3.56,5
SQuAD,contradiction_detection,True,2.97,5
SQuAD,contradiction_detection,True,2.8,5
SQuAD,contradiction_detection,True,3.07,5
SQuAD,contradiction_detection,True,2.95,5
HotpotQA,ingestion,True,0.44,5a7a06935542990198eaf050
HotpotQA,ingestion,True,0.44,5a879ab05542996e4f30887e
HotpotQA,ingestion,True,0.44,5a8d7341554299441c6b9fe5
HotpotQA,ingestion,True,0.44,5a82171f5542990a1d231f4a
HotpotQA,ingestion,True,0.44,5a84dd955542997b5ce3ff79
HotpotQA,ingestion,True,0.44,5a7e36045542991319bc9440
HotpotQA,ingestion,True,0.44,5adf44985542993a75d2646d
HotpotQA,ingestion,True,0.44,5a832c3455429954d2e2ec41
HotpotQA,ingestion,True,0.44,5a7d0db955429909bec76924
HotpotQA,ingestion,True,0.44,5a89372855429951533612e6
HotpotQA,ingestion,True,0.59,5abd90545542996e802b47d7
HotpotQA,ingestion,True,0.59,5aba66c855429939ce03dcdb
HotpotQA,ingestion,True,0.59,5a7722d655429966f1a36c99
HotpotQA,ingestion,True,0.59,5ade025e5542997dc790711e
HotpotQA,ingestion,True,0.59,5ab381b155429969a97a816b
HotpotQA,ingestion,True,0.59,5ae0d91e55429924de1b7198
HotpotQA,ingestion,True,0.59,5ac2a5d455429921a00ab01b
HotpotQA,ingestion,True,0.59,5adc1309554299438c868d3b
HotpotQA,ingestion,True,0.59,5a83168855429966c78a6b2e
HotpotQA,ingestion,True,0.59,5ab698885542995eadef002a
HotpotQA,ingestion,True,1.85,5ab345db55429969a97a8122
HotpotQA,ingestion,True,1.85,5adf732a5542993a75d264e9
HotpotQA,ingestion,True,1.85,5ac2a912554299218029dae8
HotpotQA,ingestion,True,1.85,5a7272eb5542997f827839d7
HotpotQA,ingestion,True,1.85,5ac2c3545542990b17b1548b
HotpotQA,ingestion,True,1.85,5ae3b4d05542992f92d82349
HotpotQA,ingestion,True,1.85,5a76a401554299373536012b
HotpotQA,ingestion,True,1.85,5ae3918b5542994393b9e709
HotpotQA,ingestion,True,1.85,5a8efd3c55429918e830d179
HotpotQA,ingestion,True,1.85,5a8b63755542997f31a41cfe
HotpotQA,ingestion,True,0.51,5ac15df95542994d76dccded
HotpotQA,ingestion,True,0.51,5a7a02235542996c55b2dcd3
HotpotQA,ingestion,True,0.51,5ac061ab554299294b218fac
HotpotQA,ingestion,True,0.51,5ab5a2f85542997d4ad1f197
HotpotQA,ingestion,True,0.51,5abd7ca05542993062266cab
HotpotQA,ingestion,True,0.51,5a8ce5c7554299441c6b9f64
HotpotQA,ingestion,True,0.51,5a81ff1d554299676cceb1c3
HotpotQA,ingestion,True,0.51,5ae732685542991e8301cbc3
HotpotQA,ingestion,True,0.51,5a8a2ebc5542996c9b8d5e33
HotpotQA,ingestion,True,0.51,5add28c85542992ae4cec4be
HotpotQA,ingestion,True,0.39,5a7d90195542991319bc93cf
HotpotQA,ingestion,True,0.39,5abe3f9455429976d4830aaa
HotpotQA,ingestion,True,0.39,5abee5e25542994516f45473
HotpotQA,ingestion,True,0.39,5ae78ec5554299540e5a5605
HotpotQA,ingestion,True,0.39,5a760a5f554299109176e629
HotpotQA,ingestion,True,0.39,5a7a52745542996c55b2dd4f
HotpotQA,ingestion,True,0.39,5ac1f7f355429964131be2ae
HotpotQA,ingestion,True,0.39,5a74248855429929fddd83e5
HotpotQA,ingestion,True,0.39,5abd04f15542996e802b467e
HotpotQA,ingestion,True,0.39,5ac3ad225542995ef918c1da
HotpotQA,ingestion,True,2.55,5a736bfa5542991f29ee2e03
HotpotQA,ingestion,True,2.55,5addfe6c5542997dc790710e
HotpotQA,ingestion,True,2.55,5a7a0a965542996c55b2dce7
HotpotQA,ingestion,True,2.55,5a8ae49155429951533613a3
HotpotQA,ingestion,True,2.55,5a74bdbf5542996c70cfadc7
HotpotQA,ingestion,True,2.55,5ab99943554299131ca42391
HotpotQA,ingestion,True,2.55,5a8195f35542995ce29dcc0c
HotpotQA,ingestion,True,2.55,5ab70446554299110f219a94
HotpotQA,ingestion,True,2.55,5adbe1e755429947ff173853
HotpotQA,ingestion,True,2.55,5a904e725542995651fb5118
HotpotQA,ingestion,True,0.86,5a7daae35542990b8f503a1d
HotpotQA,ingestion,True,0.86,5ae6038155429929b0807a55
HotpotQA,ingestion,True,0.86,5a71458e5542994082a3e738
HotpotQA,ingestion,True,0.86,5a73332b5542992359bc3287
HotpotQA,ingestion,True,0.86,5ae500fd55429908b63264d8
HotpotQA,ingestion,True,0.86,5ab292e4554299545a2cf993
HotpotQA,ingestion,True,0.86,5a8514545542992a431d1ad2
HotpotQA,ingestion,True,0.86,5ae3345f55429928c4239682
HotpotQA,ingestion,True,0.86,5ac1b48f55429963665198f3
HotpotQA,ingestion,True,0.86,5ab9d58855429939ce03dc3a
HotpotQA,ingestion,True,0.4,5ab9121555429919ba4e238a
HotpotQA,ingestion,True,0.4,5abf037a5542993fe9a41dbe
HotpotQA,ingestion,True,0.4,5ab3ed12554299753aec59f3
HotpotQA,ingestion,True,0.4,5abcfc3b554299114383a1ad
HotpotQA,ingestion,True,0.4,5a74f2ff5542993748c89748
HotpotQA,ingestion,True,0.4,5ac52b495542994611c8b3de
HotpotQA,ingestion,True,0.4,5a72b1c25542992359bc3172
HotpotQA,ingestion,True,0.4,5a72a00d5542991f9a20c53c
HotpotQA,ingestion,True,0.4,5a8fa73e5542992414482b22
HotpotQA,ingestion,True,0.4,5a8dfbeb5542995085b3736e
HotpotQA,ingestion,True,66.27,5ab39701554299233954ff5e
HotpotQA,ingestion,True,66.27,5ab6ad2855429953192ad35e
HotpotQA,ingestion,True,66.27,5adf8d5b5542995534e8c7e1
HotpotQA,ingestion,True,66.27,5ae5b3df5542992663a4f20b
HotpotQA,ingestion,True,66.27,5ac2423755429951e9e684ff
HotpotQA,ingestion,True,66.27,5a822d4655429926c1cdae45
HotpotQA,ingestion,True,66.27,5ab9672655429970cfb8eabd
HotpotQA,ingestion,True,66.27,5abb1f745542996cc5e49fb5
HotpotQA,ingestion,True,66.27,5abbbd0f55429931dba144d5
HotpotQA,ingestion,True,66.27,5ac3e8c65542997ea680c993
HotpotQA,ingestion,True,1.25,5a87390555429960ec39b769
HotpotQA,ingestion,True,1.25,5a8766cb5542996e4f3087d6
HotpotQA,ingestion,True,1.25,5a7ca54c55429935c91b527f
HotpotQA,ingestion,True,1.25,5a90c2b35542995651fb51df
HotpotQA,ingestion,True,1.25,5ae0fa8b5542997b2ef7d0c6
HotpotQA,ingestion,True,1.25,5a74a3bd55429979e28829da
HotpotQA,ingestion,True,1.25,5a8f938a55429918e830d275
HotpotQA,ingestion,True,1.25,5add3b665542997545bbbcd2
HotpotQA,ingestion,True,1.25,5ab728e45542992aa3b8c7b4
HotpotQA,ingestion,True,1.25,5a74fbe55542996c70cfae63
HotpotQA,ingestion,True,7.25,5ab30bbb55429976abd1bc39
HotpotQA,ingestion,True,7.25,5abdbeed5542993062266cdd
HotpotQA,ingestion,True,7.25,5ab6e84a554299710c8d1fab
HotpotQA,ingestion,True,7.25,5a90454855429933b8a204bb
HotpotQA,ingestion,True,7.25,5abeed7e5542993fe9a41da0
HotpotQA,ingestion,True,7.25,5ab5141a5542991779162d70
HotpotQA,ingestion,True,7.25,5a832d225542990548d0b1bc
HotpotQA,ingestion,True,7.25,5a7a0d455542990783324e13
HotpotQA,ingestion,True,7.25,5a760f6855429976ec32bcf9
HotpotQA,ingestion,True,7.25,5a8a35625542992d82986efd
HotpotQA,ingestion,True,1.25,5ab42ebd5542992339550047
HotpotQA,ingestion,True,1.25,5a7ccec9554299452d57ba72
HotpotQA,ingestion,True,1.25,5a804fc45542992bc0c4a6f0
HotpotQA,ingestion,True,1.25,5add85b65542997545bbbd61
HotpotQA,ingestion,True,1.25,5ac068d25542996f0d89cba2
HotpotQA,ingestion,True,1.25,5ade8f5e55429975fa854f11
HotpotQA,ingestion,True,1.25,5ac1b7495542994ab5c67dd9
HotpotQA,ingestion,True,1.25,5ae27edc5542992decbdcd2d
HotpotQA,ingestion,True,1.25,5a84918e5542990548d0b2cf
HotpotQA,ingestion,True,1.25,5ac2ee675542990b17b154be
HotpotQA,ingestion,True,1.68,5ae4b3da55429913cc2044d6
HotpotQA,ingestion,True,1.68,5ab93287554299753720f78f
HotpotQA,ingestion,True,1.68,5ae64cab5542991bbc9760be
HotpotQA,ingestion,True,1.68,5ae64cbf5542992ae0d162c1
HotpotQA,ingestion,True,1.68,5abae52a5542996cc5e49eea
HotpotQA,ingestion,True,1.68,5ae7a9c8554299540e5a5631
HotpotQA,ingestion,True,1.68,5ae0fcb855429945ae959492
HotpotQA,ingestion,True,1.68,5ae2e27155429928c423952a
HotpotQA,ingestion,True,1.68,5a80d30655429938b61421fe
HotpotQA,ingestion,True,1.68,5a7e567b55429949594199a0
HotpotQA,ingestion,True,1.01,5a77bd595542995d83181291
HotpotQA,ingestion,True,1.01,5abffc58554299012d1db552
HotpotQA,ingestion,True,1.01,5ab3dad4554299753aec59cb
HotpotQA,ingestion,True,1.01,5ac12fda5542994d76dccdb0
HotpotQA,ingestion,True,1.01,5a8e171b554299068b959e5a
HotpotQA,ingestion,True,1.01,5a79c7f95542994bb9457099
HotpotQA,ingestion,True,1.01,5a731dee5542992359bc3238
HotpotQA,ingestion,True,1.01,5ae377a35542994393b9e6db
HotpotQA,ingestion,True,1.01,5ae655c855429908198fa599
HotpotQA,ingestion,True,1.01,5a7906f55542990784727792
HotpotQA,ingestion,True,0.8,5ab74412554299110f219ae8
HotpotQA,ingestion,True,0.8,5ac4bfd05542997ea680caab
HotpotQA,ingestion,True,0.8,5ab72adb5542993667793f5d
HotpotQA,ingestion,True,0.8,5abb06bc554299232ef4a3bb
HotpotQA,ingestion,True,0.8,5ab51d295542996a3a96a01f
HotpotQA,ingestion,True,0.8,5ae3cf7e5542990afbd1e1e2
HotpotQA,ingestion,True,0.8,5adffc93554299025d62a39f
HotpotQA,ingestion,True,0.8,5a7315015542994cef4bc448
HotpotQA,ingestion,True,0.8,5a75e7215542992db947370a
HotpotQA,ingestion,True,0.8,5ab1ce395542997061209579
HotpotQA,ingestion,True,0.71,5a8afba155429949d91db458
HotpotQA,ingestion,True,0.71,5ae3dde35542992f92d823a4
HotpotQA,ingestion,True,0.71,5ade5a245542997c77adee0c
HotpotQA,ingestion,True,0.71,5ae65d055542996d980e7b14
HotpotQA,ingestion,True,0.71,5a8a698255429930ff3c0dcf
HotpotQA,ingestion,True,0.71,5adccafb5542992c1e3a2401
HotpotQA,ingestion,True,0.71,5ac4f4255542996feb3fe99d
HotpotQA,ingestion,True,0.71,5a85d5ba5542997175ce205a
HotpotQA,ingestion,True,0.71,5a8a1eb755429970aeb70261
HotpotQA,ingestion,True,0.71,5ac3bb805542993915413909
HotpotQA,ingestion,True,0.96,5a81102b554299260e20a22a
HotpotQA,ingestion,True,0.96,5a77a0205542995d83181225
HotpotQA,ingestion,True,0.96,5a8f7992554299458435d64c
HotpotQA,ingestion,True,0.96,5ab28cfb554299340b525515
HotpotQA,ingestion,True,0.96,5a83088a55429966c78a6afc
HotpotQA,ingestion,True,0.96,5ab54b5c5542992aa134a298
HotpotQA,ingestion,True,0.96,5ac23b6f55429951e9e684b4
HotpotQA,ingestion,True,0.96,5ae4ba9255429913cc2044e6
HotpotQA,ingestion,True,0.96,5a7d231555429909bec76986
HotpotQA,ingestion,True,0.96,5a79cc3c5542994bb94570b6
HotpotQA,ingestion,True,0.72,5a769ac95542993569682c4f
HotpotQA,ingestion,True,0.72,5a8a45f05542996c9b8d5e89
HotpotQA,ingestion,True,0.72,5adf01425542995ec70e8f53
HotpotQA,ingestion,True,0.72,5adc1b1a55429944faac2422
HotpotQA,ingestion,True,0.72,5add67b05542995b365fab2a
HotpotQA,ingestion,True,0.72,5ac25c9055429951e9e68580
HotpotQA,ingestion,True,0.72,5a8ef28c5542995b44241f0f
HotpotQA,ingestion,True,0.72,5adf1bf75542993344016bd9
HotpotQA,ingestion,True,0.72,5a8235d25542995ce29dccda
HotpotQA,ingestion,True,0.72,5a8edaa955429917b4a5bde3
HotpotQA,ingestion,True,0.62,5a82099e55429926c1cdadf9
HotpotQA,ingestion,True,0.62,5ab808755542990e739ec7f2
HotpotQA,ingestion,True,0.62,5a8596c85542992a431d1b53
HotpotQA,ingestion,True,0.62,5ab90af655429916710eb0ec
HotpotQA,ingestion,True,0.62,5a7d15e35542995ed0d165dd
HotpotQA,ingestion,True,0.62,5ac5247c55429924173fb602
HotpotQA,ingestion,True,0.62,5a80b23a5542992bc0c4a7b2
HotpotQA,ingestion,True,0.62,5a8d209555429941ae14df84
HotpotQA,ingestion,True,0.62,5adf698f5542993a75d264e2
HotpotQA,ingestion,True,0.62,5a8e506d5542990e94052ac8
HotpotQA,ingestion,True,0.7,5ac3983a554299657fa290f5
HotpotQA,ingestion,True,0.7,5ac1bfd85542994ab5c67dfb
HotpotQA,ingestion,True,0.7,5ae80b50554299540e5a5701
HotpotQA,ingestion,True,0.7,5ae753b75542997b22f6a6db
HotpotQA,ingestion,True,0.7,5a77251055429966f1a36ca5
HotpotQA,ingestion,True,0.7,5ac0551b5542997d64295a07
HotpotQA,ingestion,True,0.7,5a7f8a535542994857a76778
HotpotQA,ingestion,True,0.7,5ac36a07554299218029dbd5
HotpotQA,ingestion,True,0.7,5ac3bf5e5542995ef918c20f
HotpotQA,ingestion,True,0.7,5a81fab9554299676cceb1b1
HotpotQA,retrieval,True,13.67,70
HotpotQA,retrieval,True,9.29,81
HotpotQA,retrieval,True,4.93,127
HotpotQA,retrieval,True,4.93,48
HotpotQA,retrieval,True,4.63,78
HotpotQA,retrieval,True,4.95,80
HotpotQA,retrieval,True,6.28,85
HotpotQA,retrieval,True,4.75,215
HotpotQA,retrieval,True,3.8,97
HotpotQA,retrieval,True,20.76,86
HotpotQA,retrieval,True,4.71,98
HotpotQA,retrieval,True,5.41,56
HotpotQA,retrieval,True,6.93,69
HotpotQA,retrieval,True,9.45,77
HotpotQA,retrieval,True,4.18,80
HotpotQA,retrieval,True,5.83,157
HotpotQA,retrieval,True,5.16,122
HotpotQA,retrieval,True,5.91,94
HotpotQA,retrieval,True,29.91,201
HotpotQA,retrieval,True,5.45,157
HotpotQA,retrieval,True,4.77,81
HotpotQA,retrieval,True,5.97,48
HotpotQA,retrieval,True,5.75,108
HotpotQA,retrieval,True,4.85,56
HotpotQA,retrieval,True,5.06,85
HotpotQA,retrieval,True,23.56,102
HotpotQA,retrieval,True,8.46,145
HotpotQA,retrieval,True,34.29,68
HotpotQA,retrieval,True,62.23,69
HotpotQA,retrieval,True,5764.03,62
HotpotQA,retrieval,True,35.92,215
HotpotQA,retrieval,True,13.0,53
HotpotQA,retrieval,True,7.06,52
HotpotQA,retrieval,True,8.72,64
HotpotQA,retrieval,True,16.09,51
HotpotQA,retrieval,True,10.48,90
HotpotQA,retrieval,True,42.76,81
HotpotQA,retrieval,True,7.12,76
HotpotQA,retrieval,True,10.46,418
HotpotQA,retrieval,True,10.85,240
HotpotQA,retrieval,True,23.24,134
HotpotQA,retrieval,True,11.24,214
HotpotQA,retrieval,True,8.03,101
HotpotQA,retrieval,True,8.61,99
HotpotQA,retrieval,True,8.34,153
HotpotQA,retrieval,True,7.23,59
HotpotQA,retrieval,True,32.51,94
HotpotQA,retrieval,True,19.76,140
HotpotQA,retrieval,True,8.59,41
HotpotQA,retrieval,True,14.19,61
HotpotQA,retrieval,True,26.42,40
HotpotQA,retrieval,True,38.49,86
HotpotQA,retrieval,True,37.56,161
HotpotQA,retrieval,True,30.73,175
HotpotQA,retrieval,True,11.85,74
HotpotQA,retrieval,True,76.86,186
HotpotQA,retrieval,True,45.77,154
HotpotQA,retrieval,True,25.93,256
HotpotQA,retrieval,True,15.76,173
HotpotQA,retrieval,True,65.53,222
HotpotQA,retrieval,True,7.18,50
HotpotQA,retrieval,True,10.54,143
HotpotQA,retrieval,True,7.69,116
HotpotQA,retrieval,True,8.39,150
HotpotQA,retrieval,True,8.15,65
HotpotQA,retrieval,True,8.28,86
HotpotQA,retrieval,True,8.36,137
HotpotQA,retrieval,True,7.25,69
HotpotQA,retrieval,True,22.63,100
HotpotQA,retrieval,True,9.89,140
HotpotQA,retrieval,True,22.69,273
HotpotQA,retrieval,True,6.96,67
HotpotQA,retrieval,True,16.33,106
HotpotQA,retrieval,True,7.15,97
HotpotQA,retrieval,True,7.18,102
HotpotQA,retrieval,True,8.47,61
HotpotQA,retrieval,True,8.42,162
HotpotQA,retrieval,True,17276.73,76
HotpotQA,retrieval,True,6084.96,135
HotpotQA,retrieval,True,77.54,106
HotpotQA,retrieval,True,60.79,110
HotpotQA,retrieval,True,37.02,170
HotpotQA,retrieval,True,89.44,58
HotpotQA,retrieval,True,114.74,155
HotpotQA,retrieval,True,127.67,106
HotpotQA,retrieval,True,225.72,79
HotpotQA,retrieval,True,34.56,68
HotpotQA,retrieval,True,65.58,42
HotpotQA,retrieval,True,443.01,51
HotpotQA,retrieval,True,48.86,72
HotpotQA,retrieval,True,279.25,65
HotpotQA,retrieval,True,33.1,72
HotpotQA,retrieval,True,80.3,194
HotpotQA,retrieval,True,42.94,125
HotpotQA,retrieval,True,74.79,109
HotpotQA,retrieval,True,236.3,51
HotpotQA,retrieval,True,41.08,143
HotpotQA,retrieval,True,35.27,94
HotpotQA,retrieval,True,66.33,57
HotpotQA,retrieval,True,72.77,125
HotpotQA,compression,True,113.55,70
HotpotQA,compression,True,86.79,81
HotpotQA,compression,True,30.6,127
HotpotQA,compression,True,274.06,48
HotpotQA,compression,True,450.15,78
HotpotQA,compression,True,231.49,80
HotpotQA,compression,True,518.6,85
HotpotQA,compression,True,633.08,215
HotpotQA,compression,True,185.7,97
HotpotQA,compression,True,180.72,86
HotpotQA,compression,True,28.6,98
HotpotQA,compression,True,6.91,56
HotpotQA,compression,True,27.29,69
HotpotQA,compression,True,49.88,77
HotpotQA,compression,True,24.44,80
HotpotQA,compression,True,111.99,157
HotpotQA,compression,True,46.31,122
HotpotQA,compression,True,6.59,94
HotpotQA,compression,True,306.72,201
HotpotQA,compression,True,142.63,157
HotpotQA,compression,True,132.45,81
HotpotQA,compression,True,238.57,48
HotpotQA,compression,True,251.55,108
HotpotQA,compression,True,54.09,56
HotpotQA,compression,True,119.3,85
HotpotQA,compression,True,78.56,102
HotpotQA,compression,True,37.9,145
HotpotQA,compression,True,6.57,68
HotpotQA,compression,True,712.18,69
HotpotQA,compression,True,16.59,62
HotpotQA,compression,True,15.45,215
HotpotQA,compression,True,16.74,53
HotpotQA,compression,True,79.1,52
HotpotQA,compression,True,84.14,64
HotpotQA,compression,True,14.68,51
HotpotQA,compression,True,72.3,90
HotpotQA,compression,True,13.9,81
HotpotQA,compression,True,27.88,76
HotpotQA,compression,True,104.35,418
HotpotQA,compression,True,7.03,240
HotpotQA,compression,True,70.71,134
HotpotQA,compression,True,24.79,214
HotpotQA,compression,True,36.33,101
HotpotQA,compression,True,63.98,99
HotpotQA,compression,True,49.62,153
HotpotQA,compression,True,21.97,59
HotpotQA,compression,True,53.59,94
HotpotQA,compression,True,28.41,140
HotpotQA,compression,True,7.86,41
HotpotQA,compression,True,85.64,61
HotpotQA,compression,True,55.55,40
HotpotQA,compression,True,24.02,86
HotpotQA,compression,True,17.49,161
HotpotQA,compression,True,35.85,175
HotpotQA,compression,True,15.21,74
HotpotQA,compression,True,35.15,186
HotpotQA,compression,True,32.81,154
HotpotQA,compression,True,14.93,256
HotpotQA,compression,True,7.17,173
HotpotQA,compression,True,64.45,222
HotpotQA,compression,True,15.33,50
HotpotQA,compression,True,11.88,143
HotpotQA,compression,True,8.14,116
HotpotQA,compression,True,29.7,150
HotpotQA,compression,True,7.04,65
HotpotQA,compression,True,27.0,86
HotpotQA,compression,True,7.18,137
HotpotQA,compression,True,29.58,69
HotpotQA,compression,True,25.19,100
HotpotQA,compression,True,24.9,140
HotpotQA,compression,True,236.91,273
HotpotQA,compression,True,22.55,67
HotpotQA,compression,True,55.18,106
HotpotQA,compression,True,37.22,97
HotpotQA,compression,True,22.52,102
HotpotQA,compression,True,21.25,61
HotpotQA,compression,True,38.16,162
HotpotQA,compression,True,29.67,76
HotpotQA,compression,True,25.41,135
HotpotQA,compression,True,32.16,106
HotpotQA,compression,True,6.46,110
HotpotQA,compression,True,42.83,170
HotpotQA,compression,True,19.43,58
HotpotQA,compression,True,14.48,155
HotpotQA,compression,True,56.83,106
HotpotQA,compression,True,22.27,79
HotpotQA,compression,True,28.9,68
HotpotQA,compression,True,6.81,42
HotpotQA,compression,True,27.38,51
HotpotQA,compression,True,15.95,72
HotpotQA,compression,True,13.98,65
HotpotQA,compression,True,19.29,72
HotpotQA,compression,True,23.91,194
HotpotQA,compression,True,26.87,125
HotpotQA,compression,True,27.92,109
HotpotQA,compression,True,22.19,51
HotpotQA,compression,True,17.32,143
HotpotQA,compression,True,16.96,94
HotpotQA,compression,True,27.71,57
HotpotQA,compression,True,21.26,125
